{"cameraMode":{"drawMode":0,"name":"Shaded","section":"Shading Mode"},"sceneLighting":true,"audioPlay":false,"sceneViewState":{"m_AlwaysRefresh":false,"showFog":true,"showSkybox":true,"showFlares":true,"showImageEffects":true,"showParticleSystems":true,"showVisualEffectGraphs":true,"m_FxEnabled":true},"in2DMode":false,"pivot":{"x":13.984107971191407,"y":-4.424227714538574,"z":-4.862432479858398},"rotation":{"x":-0.23956835269927979,"y":-0.31867745518684389,"z":0.08350365608930588,"w":-0.9133126735687256},"size":10.318010330200196,"orthographic":false}