{"cameraMode":{"drawMode":0,"name":"Shaded","section":"Shading Mode"},"sceneLighting":true,"audioPlay":false,"sceneViewState":{"m_AlwaysRefresh":false,"showFog":true,"showSkybox":true,"showFlares":true,"showImageEffects":true,"showParticleSystems":true,"showVisualEffectGraphs":true,"m_FxEnabled":true},"in2DMode":false,"pivot":{"x":6.7040228843688969,"y":1.840083122253418,"z":1.535853385925293},"rotation":{"x":-0.41557008028030398,"y":0.004158967640250921,"z":0.00035252931411378086,"w":-0.9099642038345337},"size":3.3030881881713869,"orthographic":false}