{"cameraMode":{"drawMode":0,"name":"Shaded","section":"Shading Mode"},"sceneLighting":false,"audioPlay":false,"sceneViewState":{"m_AlwaysRefresh":false,"showFog":true,"showSkybox":false,"showFlares":true,"showImageEffects":true,"showParticleSystems":true,"showVisualEffectGraphs":true,"m_FxEnabled":true},"in2DMode":false,"pivot":{"x":-1.7729992866516114,"y":0.9686499834060669,"z":-2.1168408393859865},"rotation":{"x":-0.06716566532850266,"y":0.5815699100494385,"z":-0.04827559366822243,"w":-0.8093144297599793},"size":0.08952649682760239,"orthographic":false}