{"cameraMode":{"drawMode":0,"name":"Shaded","section":"Shading Mode"},"sceneLighting":true,"audioPlay":false,"sceneViewState":{"m_AlwaysRefresh":false,"showFog":true,"showSkybox":true,"showFlares":true,"showImageEffects":true,"showParticleSystems":true,"showVisualEffectGraphs":true,"m_FxEnabled":true},"in2DMode":false,"pivot":{"x":-12.303027153015137,"y":1.2753539085388184,"z":9.57486629486084},"rotation":{"x":0.18372830748558045,"y":-0.4336530566215515,"z":0.09079335629940033,"w":0.8774735331535339},"size":11.117841720581055,"orthographic":false}