{"cameraMode":{"drawMode":0,"name":"Shaded","section":"Shading Mode"},"sceneLighting":false,"audioPlay":false,"sceneViewState":{"m_AlwaysRefresh":false,"showFog":true,"showSkybox":false,"showFlares":true,"showImageEffects":true,"showParticleSystems":true,"showVisualEffectGraphs":true,"m_FxEnabled":true},"in2DMode":false,"pivot":{"x":2.6984901428222658,"y":1.6485786437988282,"z":2.7675302028656008},"rotation":{"x":-0.0031770048663020136,"y":0.9979631900787354,"z":-0.06833098828792572,"w":-0.013292473740875721},"size":2.38824200630188,"orthographic":false}