{"cameraMode":{"drawMode":0,"name":"Shaded","section":"Shading Mode"},"sceneLighting":false,"audioPlay":false,"sceneViewState":{"m_AlwaysRefresh":false,"showFog":true,"showSkybox":false,"showFlares":true,"showImageEffects":true,"showParticleSystems":true,"showVisualEffectGraphs":true,"m_FxEnabled":true},"in2DMode":false,"pivot":{"x":2.9851605892181398,"y":2.127786636352539,"z":1.682626724243164},"rotation":{"x":-0.020209170877933503,"y":0.9513786435127258,"z":-0.055883560329675677,"w":-0.30353546142578127},"size":2.526146173477173,"orthographic":false}