{"cameraMode":{"drawMode":0,"name":"Shaded","section":"Shading Mode"},"sceneLighting":true,"audioPlay":false,"sceneViewState":{"m_AlwaysRefresh":false,"showFog":true,"showSkybox":true,"showFlares":true,"showImageEffects":true,"showParticleSystems":true,"showVisualEffectGraphs":true,"m_FxEnabled":true},"in2DMode":false,"pivot":{"x":-12.012494087219239,"y":-14.785369873046875,"z":-26.07985496520996},"rotation":{"x":-0.008073355071246624,"y":0.779649019241333,"z":-0.6264923810958862,"w":-0.017766324803233148},"size":36.283416748046878,"orthographic":false}