{"cameraMode":{"drawMode":0,"name":"Shaded","section":"Shading Mode"},"sceneLighting":true,"audioPlay":false,"sceneViewState":{"m_AlwaysRefresh":false,"showFog":true,"showSkybox":true,"showFlares":true,"showImageEffects":true,"showParticleSystems":true,"showVisualEffectGraphs":true,"m_FxEnabled":true},"in2DMode":false,"pivot":{"x":6.061661720275879,"y":16.448684692382814,"z":-12.835460662841797},"rotation":{"x":0.19991470873355866,"y":-0.7085680961608887,"z":0.22199128568172456,"w":0.6395946741104126},"size":6.954843044281006,"orthographic":false}