{"cameraMode":{"drawMode":0,"name":"Shaded","section":"Shading Mode"},"sceneLighting":false,"audioPlay":false,"sceneViewState":{"m_AlwaysRefresh":false,"showFog":true,"showSkybox":false,"showFlares":true,"showImageEffects":true,"showParticleSystems":true,"showVisualEffectGraphs":true,"m_FxEnabled":true},"in2DMode":false,"pivot":{"x":-37.35348129272461,"y":-1.2215657234191895,"z":-21.278093338012697},"rotation":{"x":0.021676549687981607,"y":0.7774311304092407,"z":-0.6280359625816345,"w":0.026831934228539468},"size":5.4669575691223148,"orthographic":false}