{"cameraMode":{"drawMode":0,"name":"Shaded","section":"Shading Mode"},"sceneLighting":true,"audioPlay":false,"sceneViewState":{"m_AlwaysRefresh":false,"showFog":true,"showSkybox":false,"showFlares":true,"showImageEffects":true,"showParticleSystems":true,"showVisualEffectGraphs":true,"m_FxEnabled":true},"in2DMode":false,"pivot":{"x":0.32000064849853518,"y":3.4574997425079347,"z":0.8591747283935547},"rotation":{"x":-0.01024382933974266,"y":-0.807060718536377,"z":0.5902950763702393,"w":-0.014074485749006272},"size":23.705442428588868,"orthographic":false}