{"cameraMode":{"drawMode":0,"name":"Shaded","section":"Shading Mode"},"sceneLighting":false,"audioPlay":false,"sceneViewState":{"m_AlwaysRefresh":false,"showFog":true,"showSkybox":false,"showFlares":true,"showImageEffects":true,"showParticleSystems":true,"showVisualEffectGraphs":true,"m_FxEnabled":true},"in2DMode":false,"pivot":{"x":0.23919203877449037,"y":2.253241539001465,"z":1.5000003576278687},"rotation":{"x":0.3726291060447693,"y":-0.29858410358428957,"z":0.12810157239437104,"w":0.8692870736122131},"size":2.7174088954925539,"orthographic":false}