{"cameraMode":{"drawMode":0,"name":"Shaded","section":"Shading Mode"},"sceneLighting":false,"audioPlay":false,"sceneViewState":{"m_AlwaysRefresh":false,"showFog":true,"showSkybox":false,"showFlares":true,"showImageEffects":true,"showParticleSystems":true,"showVisualEffectGraphs":true,"m_FxEnabled":true},"in2DMode":false,"pivot":{"x":6.0754241943359379,"y":1.7655715942382813,"z":11.011844635009766},"rotation":{"x":-0.06675514578819275,"y":0.8055531978607178,"z":-0.09248574823141098,"w":-0.5814382433891296},"size":2.3496594429016115,"orthographic":false}